http://www.trulia.com//rental/3060573237-857-Clay-St-San-Francisco-CA-94108,$700 /mo,"857 Clay St, San Francisco, CA 94108"
http://www.trulia.com//rental/3068916650-2070-Pacific-Ave-204-San-Francisco-CA-94109,$700 /mo,"2070 Pacific Ave #204, San Francisco, CA 94109"
http://www.trulia.com//rental/3102891283--Taylor-St-San-Francisco-CA-94102,$900 /mo," Taylor St, San Francisco, CA 94102"
http://www.trulia.com//rental/3076235983--Taylor-St-San-Francisco-CA-94102,$900 /mo," Taylor St, San Francisco, CA 94102"
http://www.trulia.com//rental/3121057937-721-Geary-St-San-Francisco-CA-94109,"$1,100 /mo","721 Geary St, San Francisco, CA 94109"
http://www.trulia.com//rental/3099937214-1000-Howard-St-310-San-Francisco-CA-94103,"$1,100 /mo","1000 Howard St #310, San Francisco, CA 94103"
http://www.trulia.com//rental/3119366271-1008-Larkin-St-409-San-Francisco-CA-94109,"$1,295 /mo","1008 Larkin St #409, San Francisco, CA 94109"
http://www.trulia.com//rental/3116450032--Arbol-Ln-San-Francisco-CA-94115,"$1,300 /mo"," Arbol Ln, San Francisco, CA 94115"
http://www.trulia.com//rental/3120794846-251-9th-St-San-Francisco-CA-94103,"$1,300 /mo","251 9th St, San Francisco, CA 94103"
http://www.trulia.com//rental/3120262952-720-Jones-St-San-Francisco-CA-94109,"$1,325 /mo","720 Jones St, San Francisco, CA 94109"
http://www.trulia.com//rental/3115908590-675-Ofarrell-St-San-Francisco-CA-94109,"$1,350 /mo","675 Ofarrell St, San Francisco, CA 94109"
http://www.trulia.com//rental/3118768053-650-Ellis-St-San-Francisco-CA-94109,"$1,395 /mo","650 Ellis St, San Francisco, CA 94109"
http://www.trulia.com//rental/3118888986-144B-Clinton-Park-San-Francisco-CA-94103,"$1,395 /mo","144B Clinton Park, San Francisco, CA 94103"
http://www.trulia.com//rental/3096393030-545-Jones-St-San-Francisco-CA-94102,"$1,400 /mo","545 Jones St, San Francisco, CA 94102"
http://www.trulia.com//rental/3115845496-890-Geary-St-San-Francisco-CA-94109,"$1,400 /mo","890 Geary St, San Francisco, CA 94109"
http://www.trulia.com//rental/3120794997-1388-California-St-San-Francisco-CA-94109,"$1,400 /mo","1388 California St, San Francisco, CA 94109"
http://www.trulia.com//rental/3118641211-146-Mcallister-St-San-Francisco-CA-94102,"$1,425 /mo","146 Mcallister St, San Francisco, CA 94102"
http://www.trulia.com//rental/3119363833-720-Jones-St-San-Francisco-CA-94109,"$1,425 /mo","720 Jones St, San Francisco, CA 94109"
http://www.trulia.com//rental/3115561303-520-Geary-St-San-Francisco-CA-94102,"$1,425 /mo","520 Geary St, San Francisco, CA 94102"
http://www.trulia.com//rental/3115560590-650-Ellis-St-San-Francisco-CA-94109,"$1,450 /mo","650 Ellis St, San Francisco, CA 94109"
http://www.trulia.com//rental/3120500822-539-Octavia-St-6-San-Francisco-CA-94102,"$1,450 /mo","539 Octavia St #6, San Francisco, CA 94102"
http://www.trulia.com//rental/3114774752-Apartment-San-Francisco-CA-94102,"$1,480 /mo","Address Not Disclosed, San Francisco, CA 94102"
http://www.trulia.com//rental/3115559681-815-Ofarrell-St-San-Francisco-CA-94109,"$1,495 /mo","815 Ofarrell St, San Francisco, CA 94109"
http://www.trulia.com//rental/3116019928-Apartment-San-Francisco-CA-94115,"$1,500 /mo","Pierce Street and Sacramento Street, San Francisco, CA 94115"
http://www.trulia.com//rental/3118533700-610-Polk-St-San-Francisco-CA-94102,"$1,550 /mo","610 Polk St, San Francisco, CA 94102"
http://www.trulia.com//rental/3115907269-725-Ellis-St-San-Francisco-CA-94109,"$1,575 /mo","725 Ellis St, San Francisco, CA 94109"
http://www.trulia.com//rental/3120519538-952-Powell-St-12-San-Francisco-CA-94108,"$1,580 /mo","952 Powell St #12, San Francisco, CA 94108"
http://www.trulia.com//rental/3106556298-Apartment-San-Francisco-CA-94109,"$1,595 /mo","Address Not Disclosed, San Francisco, CA 94109"
http://www.trulia.com//rental/3118641507-765-Geary-St-San-Francisco-CA-94109,"$1,595 /mo","765 Geary St, San Francisco, CA 94109"
http://www.trulia.com//rental/3108134464-Apartment-San-Francisco-CA-94102,"$1,595 /mo","Address Not Disclosed, San Francisco, CA 94102"
http://www.trulia.com//rental/3056906035-525-Hyde-St-San-Francisco-CA-94109,"$1,595 /mo","525 Hyde St, San Francisco, CA 94109"
http://www.trulia.com//rental/3120836080-513-Bush-St-35-San-Francisco-CA-94108,"$1,599 /mo","513 Bush St #35, San Francisco, CA 94108"
http://www.trulia.com//rental/3116979332-1520-Gough-St-304-San-Francisco-CA-94109,"$1,695 /mo","1520 Gough St #304, San Francisco, CA 94109"
http://www.trulia.com//rental/3110750281-Apartment-San-Francisco-CA-94109,"$1,750 /mo","Address Not Disclosed, San Francisco, CA 94109"
http://www.trulia.com//rental/3042104608-1600-Fell-St-San-Francisco-CA-94117,"$1,750 – $3,099 /mo","1600 Fell St, San Francisco, CA 94117"
http://www.trulia.com//rental/3108867002-998-Divisadero-St-303-San-Francisco-CA-94115,"$1,795 /mo","998 Divisadero St #303, San Francisco, CA 94115"
http://www.trulia.com//rental/3035328923-534-Hyde-St-8-San-Francisco-CA-94109,"$1,800 /mo","534 Hyde St #8, San Francisco, CA 94109"
http://www.trulia.com//rental/3115005170-Apartment-San-Francisco-CA-94109,"$1,800 /mo","Address Not Disclosed, San Francisco, CA 94109"
http://www.trulia.com//rental/3120729781-825-Post-St-San-Francisco-CA-94109,"$1,845 /mo","825 Post St, San Francisco, CA 94109"
http://www.trulia.com//rental/3118764637-945-Larkin-St-56-San-Francisco-CA-94109,"$1,845 /mo","945 Larkin St #56, San Francisco, CA 94109"
http://www.trulia.com//rental/3113712225-Apartment-San-Francisco-CA-94109,"$1,875 /mo","Address Not Disclosed, San Francisco, CA 94109"
http://www.trulia.com//rental/3118407656-861-Sutter-St-San-Francisco-CA-94109,"$1,875 /mo","861 Sutter St, San Francisco, CA 94109"
http://www.trulia.com//rental/3106010495-Apartment-San-Francisco-CA-94109,"$1,895 /mo","Address Not Disclosed, San Francisco, CA 94109"
http://www.trulia.com//rental/3118642287-350-Turk-St-San-Francisco-CA-94102,"$1,895 /mo","350 Turk St, San Francisco, CA 94102"
http://www.trulia.com//rental/3117727501-520-Grant-Ave-6-San-Francisco-CA-94108,"$1,895 /mo","520 Grant Ave #6, San Francisco, CA 94108"
http://www.trulia.com//rental/3120617256-701-Taylor-St-505-San-Francisco-CA-94108,"$1,900 /mo","701 Taylor St #505, San Francisco, CA 94108"
http://www.trulia.com//rental/3054393046-601-Van-Ness-Ave-248-San-Francisco-CA-94102,"$1,995 /mo","601 Van Ness Ave #248, San Francisco, CA 94102"
http://www.trulia.com//rental/3120847326-601-Ofarrell-St-602-San-Francisco-CA-94109,"$1,995 /mo","601 Ofarrell St #602, San Francisco, CA 94109"
http://www.trulia.com//rental/3109324673-Apartment-San-Francisco-CA-94102,"$1,995 /mo","Address Not Disclosed, San Francisco, CA 94102"
http://www.trulia.com//rental/3038626342-Apartment-San-Francisco-CA-94117,"$1,995 /mo","Central Avenue and Page Street, San Francisco, CA 94117"
http://www.trulia.com//rental/3120964429-1048-Fulton-St-3-San-Francisco-CA-94117,"$2,000 /mo","1048 Fulton St #-3, San Francisco, CA 94117"
http://www.trulia.com//rental/3011449204-1489-Webster-St-San-Francisco-CA-94115,"$2,000 /mo","1489 Webster St, San Francisco, CA 94115"
http://www.trulia.com//rental/3077851977-250-Taylor-St-San-Francisco-CA-94102,"$2,010 /mo","250 Taylor St, San Francisco, CA 94102"
http://www.trulia.com//rental/3085661016--Taylor-St-250-San-Francisco-CA-94102,"$2,025 /mo"," Taylor St #250, San Francisco, CA 94102"
http://www.trulia.com//rental/3115903196-Apartment-San-Francisco-CA-94109,"$2,025 /mo","Address Not Disclosed, San Francisco, CA 94109"
http://www.trulia.com//rental/3051666667-2365-Ofarrell-St-4-San-Francisco-CA-94115,"$2,095 /mo","2365 Ofarrell St #4, San Francisco, CA 94115"
http://www.trulia.com//rental/3118742892--Pine-St-222-San-Francisco-CA-94109,"$2,095 /mo"," Pine St #222, San Francisco, CA 94109"
http://www.trulia.com//rental/3015180331-70-Terra-Vista-Ave-14-San-Francisco-CA-94115,"$2,125 – $2,760 /mo","70 Terra Vista Ave #14, San Francisco, CA 94115"
http://www.trulia.com//rental/3109055531--Ofarrell-St-641-San-Francisco-CA-94109,"$2,150 /mo"," Ofarrell St #641, San Francisco, CA 94109"
http://www.trulia.com//rental/3104892183--Jones-St-San-Francisco-CA-94102,"$2,159 – $3,903 /mo"," Jones St, San Francisco, CA 94102"
http://www.trulia.com//rental/3056969108-1240-Page-St-San-Francisco-CA-94117,"$2,195 /mo","1240 Page St, San Francisco, CA 94117"
http://www.trulia.com//rental/3090649247--Jones-St-San-Francisco-CA-94102,"$2,200 /mo"," Jones St, San Francisco, CA 94102"
http://www.trulia.com//rental/3109060950-641-O-Amp-39-Farrell-St-San-Francisco-CA-94109,"$2,200 /mo","641 O Amp 39 Farrell St, San Francisco, CA 94109"
http://www.trulia.com//rental/3084589721-2157-Jackson-St-1-San-Francisco-CA-94115,"$2,200 /mo","2157 Jackson St #1, San Francisco, CA 94115"
http://www.trulia.com//rental/3094438394-601-Van-Ness-Ave-San-Francisco-CA-94102,"$2,200 /mo","601 Van Ness Ave, San Francisco, CA 94102"
http://www.trulia.com//rental/3094455846--Van-Ness-Ave-601-San-Francisco-CA-94102,"$2,200 /mo"," Van Ness Ave #601, San Francisco, CA 94102"
http://www.trulia.com//rental/3117458493-26A-Langton-St-San-Francisco-CA-94103,"$2,215 – $2,465 /mo","26A Langton St, San Francisco, CA 94103"
http://www.trulia.com//rental/3098825835--Haight-Octavia-San-Francisco-CA-94102,"$2,250 /mo"," Haight Octavia, San Francisco, CA 94102"
http://www.trulia.com//rental/3115906887-990-Geary-St-San-Francisco-CA-94109,"$2,250 /mo","990 Geary St, San Francisco, CA 94109"
http://www.trulia.com//rental/3093438881-2363-Jackson-St-2-San-Francisco-CA-94115,"$2,250 /mo","2363 Jackson St #2, San Francisco, CA 94115"
http://www.trulia.com//rental/3070785981--Pine-St-San-Francisco-CA-94109,"$2,250 /mo"," Pine St, San Francisco, CA 94109"
http://www.trulia.com//rental/3109384180-Apartment-San-Francisco-CA-94109,"$2,295 /mo","Address Not Disclosed, San Francisco, CA 94109"
http://www.trulia.com//rental/3117877327-601-Ofarrell-St-604-San-Francisco-CA-94109,"$2,295 /mo","601 Ofarrell St #604, San Francisco, CA 94109"
http://www.trulia.com//rental/3103970576-1737-Jackson-St-San-Francisco-CA-94109,"$2,300 /mo","1737 Jackson St, San Francisco, CA 94109"
http://www.trulia.com//rental/3111259040-1201-Pine-St-San-Francisco-CA-94109,"$2,300 /mo","1201 Pine St, San Francisco, CA 94109"
http://www.trulia.com//rental/3121057488-565-Ellis-St-San-Francisco-CA-94109,"$2,395 /mo","565 Ellis St, San Francisco, CA 94109"
http://www.trulia.com//rental/3097797094-649-Jones-St-San-Francisco-CA-94102,"$2,395 /mo","649 Jones St, San Francisco, CA 94102"
http://www.trulia.com//rental/3061040306-1845-Green-St-207-San-Francisco-CA-94123,"$2,395 /mo","1845 Green St #207, San Francisco, CA 94123"
http://www.trulia.com//rental/3118518893-649-Jones-St-San-Francisco-CA-94102,"$2,400 /mo","649 Jones St, San Francisco, CA 94102"
http://www.trulia.com//rental/3106756424-155-Haight-St-San-Francisco-CA-94102,"$2,400 /mo","155 Haight St, San Francisco, CA 94102"
http://www.trulia.com//rental/3010842198-1489-Webster-St-San-Francisco-CA-94115,"$2,400 /mo","1489 Webster St, San Francisco, CA 94115"
http://www.trulia.com//rental/3119997961-825-Post-St-San-Francisco-CA-94109,"$2,400 /mo","825 Post St, San Francisco, CA 94109"
http://www.trulia.com//rental/3120215186-972-Bush-St-San-Francisco-CA-94109,"$2,400 /mo","972 Bush St, San Francisco, CA 94109"
http://www.trulia.com//rental/3119482829-Apartment-San-Francisco-CA-94108,"$2,475 /mo","Hooker Alley and Mason Street, San Francisco, CA 94108"
http://www.trulia.com//rental/3103953823-1111-Jones-St-5-San-Francisco-CA-94109,"$2,480 /mo","1111 Jones St #5, San Francisco, CA 94109"
http://www.trulia.com//rental/3106756401-1489-Webster-St-San-Francisco-CA-94115,"$2,495 /mo","1489 Webster St, San Francisco, CA 94115"
http://www.trulia.com//rental/3121057658-655-Powell-St-203-San-Francisco-CA-94108,"$2,495 /mo","655 Powell St #203, San Francisco, CA 94108"
http://www.trulia.com//rental/3120321458-645-Stockton-St-605-San-Francisco-CA-94108,"$2,500 /mo","645 Stockton St #605, San Francisco, CA 94108"
http://www.trulia.com//rental/3062525761--Divisadero-St-San-Francisco-CA-94117,"$2,500 /mo"," Divisadero St, San Francisco, CA 94117"
http://www.trulia.com//rental/3111484451-1378-Mcallister-St-San-Francisco-CA-94115,"$2,545 /mo","1378 Mcallister St, San Francisco, CA 94115"
http://www.trulia.com//rental/3120812060-601-Ofarrell-St-11-San-Francisco-CA-94109,"$2,595 /mo","601 Ofarrell St #11, San Francisco, CA 94109"
http://www.trulia.com//rental/3117522891-Apartment-San-Francisco-CA-94109,"$2,595 /mo","California Street and Helen Place, San Francisco, CA 94109"
http://www.trulia.com//rental/3091815938-512-Van-Ness-Ave-San-Francisco-CA-94102,"$2,620 – $4,375 /mo","512 Van Ness Ave, San Francisco, CA 94102"
http://www.trulia.com//rental/3096329136--Golden-Gate-Ave-San-Francisco-CA-94115,"$2,640 /mo"," Golden Gate Ave, San Francisco, CA 94115"
http://www.trulia.com//rental/3113713801-Apartment-San-Francisco-CA-94115,"$2,695 /mo","Pierce Street and Sacramento Street, San Francisco, CA 94115"
http://www.trulia.com//rental/3102152790-1155-Leavenworth-St-5-San-Francisco-CA-94109,"$2,695 /mo","1155 Leavenworth St #5, San Francisco, CA 94109"
http://www.trulia.com//rental/3091990633--Clay-St-San-Francisco-CA-94115,"$2,700 /mo"," Clay St, San Francisco, CA 94115"
http://www.trulia.com//rental/3062526858--Clay-St-San-Francisco-CA-94115,"$2,700 /mo"," Clay St, San Francisco, CA 94115"
http://www.trulia.com//rental/3062524182--Central-Ave-San-Francisco-CA-94117,"$2,700 /mo"," Central Ave, San Francisco, CA 94117"
http://www.trulia.com//rental/3062665977--Ashbury-St-San-Francisco-CA-94117,"$2,750 /mo"," Ashbury St, San Francisco, CA 94117"
http://www.trulia.com//rental/3116582719-980-Bush-St-San-Francisco-CA-94109,"$2,750 /mo","980 Bush St, San Francisco, CA 94109"
http://www.trulia.com//rental/3062524185--Central-Ave-San-Francisco-CA-94117,"$2,750 /mo"," Central Ave, San Francisco, CA 94117"
http://www.trulia.com//rental/3081363890--Delmar-St-San-Francisco-CA-94117,"$2,750 /mo"," Delmar St, San Francisco, CA 94117"
http://www.trulia.com//rental/3117266276-946-Stockton-St-San-Francisco-CA-94108,"$2,750 /mo","946 Stockton St, San Francisco, CA 94108"
http://www.trulia.com//rental/3076085509-1155-Jones-St-San-Francisco-CA-94109,"$2,750 /mo","1155 Jones St, San Francisco, CA 94109"
http://www.trulia.com//rental/3097974318--Van-Ness-Ave-San-Francisco-CA-94102,"$2,750 /mo"," Van Ness Ave, San Francisco, CA 94102"
http://www.trulia.com//rental/3119493082-1715-Polk-St-San-Francisco-CA-94109,"$2,750 /mo","1715 Polk St, San Francisco, CA 94109"
http://www.trulia.com//rental/3062990477--Jones-St-1155-San-Francisco-CA-94109,"$2,750 /mo"," Jones St #1155, San Francisco, CA 94109"
http://www.trulia.com//rental/3092859276-Apartment-San-Francisco-CA-94109,"$2,750 /mo","Jones Street and Pleasant Street, San Francisco, CA 94109"
http://www.trulia.com//rental/3118755653-776-Tehama-St-7-San-Francisco-CA-94103,"$2,800 /mo","776 Tehama St #7, San Francisco, CA 94103"
http://www.trulia.com//rental/3002235277-1333-Gough-St-9N-San-Francisco-CA-94109,"$2,800 /mo","1333 Gough St #9N, San Francisco, CA 94109"
http://www.trulia.com//rental/3062525399--Ashbury-St-San-Francisco-CA-94117,"$2,800 /mo"," Ashbury St, San Francisco, CA 94117"
http://www.trulia.com//rental/3100056287-Apartment-San-Francisco-CA-94117,"$2,800 /mo","Central Avenue and Page Street, San Francisco, CA 94117"
http://www.trulia.com//rental/3090121138-905-Ashbury-St-San-Francisco-CA-94117,"$2,800 /mo","905 Ashbury St, San Francisco, CA 94117"
http://www.trulia.com//rental/3105175554-1438-Page-St-San-Francisco-CA-94117,"$2,800 /mo","1438 Page St, San Francisco, CA 94117"
http://www.trulia.com//rental/3070412255-Apartment-San-Francisco-CA-94117,"$2,850 /mo","Central Avenue and Page Street, San Francisco, CA 94117"
http://www.trulia.com//rental/3062522077--Page-St-1438-San-Francisco-CA-94117,"$2,860 /mo"," Page St #1438, San Francisco, CA 94117"
http://www.trulia.com//rental/3076084620-725-Pine-St-San-Francisco-CA-94108,"$2,865 – $5,153 /mo","725 Pine St, San Francisco, CA 94108"
http://www.trulia.com//rental/3054051871-946-Geary-St-6-San-Francisco-CA-94109,"$2,900 /mo","946 Geary St #6, San Francisco, CA 94109"
http://www.trulia.com//rental/3035220352-55-Page-St-610-San-Francisco-CA-94102,"$2,900 /mo","55 Page St #610, San Francisco, CA 94102"
http://www.trulia.com//rental/3083562391-100-Broderick-St-105-San-Francisco-CA-94117,"$2,900 /mo","100 Broderick St #105, San Francisco, CA 94117"
http://www.trulia.com//rental/3111387199-1525-Sutter-St-410-San-Francisco-CA-94109,"$2,900 /mo","1525 Sutter St #410, San Francisco, CA 94109"
http://www.trulia.com//rental/3118642756-855-Baker-St-San-Francisco-CA-94115,"$2,900 /mo","855 Baker St, San Francisco, CA 94115"
http://www.trulia.com//rental/3119784449-140-Germania-St-San-Francisco-CA-94117,"$2,900 /mo","140 Germania St, San Francisco, CA 94117"
http://www.trulia.com//rental/3092859275-Apartment-San-Francisco-CA-94109,"$2,995 /mo","Jones Street and Pleasant Street, San Francisco, CA 94109"
http://www.trulia.com//rental/3076084911-150-Page-St-San-Francisco-CA-94102,"$2,995 /mo","150 Page St, San Francisco, CA 94102"
http://www.trulia.com//rental/3117963169-Apartment-San-Francisco-CA-94109,"$2,995 /mo","Clay Street and Polk Street, San Francisco, CA 94109"
http://www.trulia.com//rental/3091614936--Jones-St-1155-San-Francisco-CA-94109,"$2,995 /mo"," Jones St #1155, San Francisco, CA 94109"
http://www.trulia.com//rental/3076085515-1155-Jones-St-San-Francisco-CA-94109,"$2,999 /mo","1155 Jones St, San Francisco, CA 94109"
http://www.trulia.com//rental/3103170474--Waller-San-Francisco-CA-94117,"$3,000 /mo"," Waller, San Francisco, CA 94117"
http://www.trulia.com//rental/3120686459-140-S-Van-Ness-Ave-415-San-Francisco-CA-94103,"$3,000 /mo","140 S Van Ness Ave #415, San Francisco, CA 94103"
http://www.trulia.com//rental/3114615526--Saint-Francis-Pl-San-Francisco-CA-94107,"$3,000 /mo"," Saint Francis Pl, San Francisco, CA 94107"
http://www.trulia.com//rental/3119675489--Saint-Francis-Pl-C-San-Francisco-CA-94107,"$3,000 /mo"," Saint Francis Pl #C, San Francisco, CA 94107"
http://www.trulia.com//rental/3119675541--Saint-Francis-Pl-D-San-Francisco-CA-94107,"$3,000 /mo"," Saint Francis Pl #D, San Francisco, CA 94107"
http://www.trulia.com//rental/3062525325--Buena-Vista-Ave-W-San-Francisco-CA-94117,"$3,000 /mo"," Buena Vista Ave W, San Francisco, CA 94117"
http://www.trulia.com//rental/3119675508--Saint-Francis-Pl-B-San-Francisco-CA-94107,"$3,000 /mo"," Saint Francis Pl #B, San Francisco, CA 94107"
http://www.trulia.com//rental/3119030603-Apartment-San-Francisco-CA-94108,"$3,000 /mo","Hooker Alley and Mason Street, San Francisco, CA 94108"
http://www.trulia.com//rental/3104075336--Waller-St-San-Francisco-CA-94117,"$3,030 /mo"," Waller St, San Francisco, CA 94117"
http://www.trulia.com//rental/3108306293-1535-Oak-St-4-San-Francisco-CA-94117,"$3,050 /mo","1535 Oak St #4, San Francisco, CA 94117"
http://www.trulia.com//rental/3059973669--Pine-St-San-Francisco-CA-94108,"$3,065 /mo"," Pine St, San Francisco, CA 94108"
http://www.trulia.com//rental/3068373438--Saint-Francis-Pl-1K-San-Francisco-CA-94107,"$3,080 /mo"," Saint Francis Pl #1K, San Francisco, CA 94107"
http://www.trulia.com//rental/3041069185-1800-Broadway-San-Francisco-CA-94109,"$3,087 /mo","1800 Broadway, San Francisco, CA 94109"
http://www.trulia.com//rental/3080535407-Condo-San-Francisco-CA-94107,"$3,095 /mo","Address Not Disclosed, San Francisco, CA 94107"
http://www.trulia.com//rental/3092859085-Condo-San-Francisco-CA-94123,"$3,100 /mo","Buchanan Street and Green Street, San Francisco, CA 94123"
http://www.trulia.com//rental/3028911173-555-4th-St-808-San-Francisco-CA-94107,"$3,100 /mo","555 4th St #808, San Francisco, CA 94107"
http://www.trulia.com//rental/3119493340-899-Pine-St-1106-San-Francisco-CA-94108,"$3,180 /mo","899 Pine St #1106, San Francisco, CA 94108"
http://www.trulia.com//rental/3107844801--Pine-St-1145-San-Francisco-CA-94109,"$3,192 /mo"," Pine St #1145, San Francisco, CA 94109"
http://www.trulia.com//rental/3107753836-1145-Pine-St-San-Francisco-CA-94109,"$3,195 /mo","1145 Pine St, San Francisco, CA 94109"
http://www.trulia.com//rental/3120730413-215-Guerrero-St-San-Francisco-CA-94103,"$3,195 /mo","215 Guerrero St, San Francisco, CA 94103"
http://www.trulia.com//rental/3068763542--Saint-Francis-Pl-1A-San-Francisco-CA-94107,"$3,200 /mo"," Saint Francis Pl #1A, San Francisco, CA 94107"
http://www.trulia.com//rental/3118019459-1100-Gough-St-17B-San-Francisco-CA-94109,"$3,200 /mo","1100 Gough St #17B, San Francisco, CA 94109"
http://www.trulia.com//rental/3079305972--Saint-Francis-Pl-1L-San-Francisco-CA-94107,"$3,200 /mo"," Saint Francis Pl #1L, San Francisco, CA 94107"
http://www.trulia.com//rental/3117899873-2130-Post-St-710-San-Francisco-CA-94115,"$3,200 /mo","2130 Post St #710, San Francisco, CA 94115"
http://www.trulia.com//rental/3109060508--Waller-St-1235-San-Francisco-CA-94117,"$3,200 /mo"," Waller St #1235, San Francisco, CA 94117"
http://www.trulia.com//rental/3109202055-1235-Waller-St-San-Francisco-CA-94117,"$3,200 /mo","1235 Waller St, San Francisco, CA 94117"
http://www.trulia.com//rental/3106082301-Apartment-San-Francisco-CA-94109,"$3,224 /mo","Address Not Disclosed, San Francisco, CA 94109"
http://www.trulia.com//rental/3062524967--Pierce-St-San-Francisco-CA-94115,"$3,225 /mo"," Pierce St, San Francisco, CA 94115"
http://www.trulia.com//rental/3007685195--Hayes-St-San-Francisco-CA-94102,"$3,233 /mo"," Hayes St, San Francisco, CA 94102"
http://www.trulia.com//rental/3092859224-Apartment-San-Francisco-CA-94108,"$3,295 /mo","Fella Place and Powell Street, San Francisco, CA 94108"
http://www.trulia.com//rental/3062524970--Pierce-St-San-Francisco-CA-94115,"$3,295 /mo"," Pierce St, San Francisco, CA 94115"
http://www.trulia.com//rental/3062524184--Central-Ave-San-Francisco-CA-94117,"$3,295 /mo"," Central Ave, San Francisco, CA 94117"
http://www.trulia.com//rental/3050797682-249-Shipley-St-San-Francisco-CA-94107,"$3,295 /mo","249 Shipley St, San Francisco, CA 94107"
http://www.trulia.com//rental/3076085045-Apartment-San-Francisco-CA-94115,"$3,300 /mo","Perine Place and Pierce Street, San Francisco, CA 94115"
http://www.trulia.com//rental/3062524968--Pierce-St-San-Francisco-CA-94115,"$3,300 /mo"," Pierce St, San Francisco, CA 94115"
http://www.trulia.com//rental/3045116967-Apartment-San-Francisco-CA-94109,"$3,300 /mo","Address Not Disclosed, San Francisco, CA 94109"
http://www.trulia.com//rental/3076086677-795-Pine-St-San-Francisco-CA-94108,"$3,300 /mo","795 Pine St, San Francisco, CA 94108"
http://www.trulia.com//rental/3062524183--Central-Ave-San-Francisco-CA-94117,"$3,300 /mo"," Central Ave, San Francisco, CA 94117"
http://www.trulia.com//rental/3071632137--Pine-St-795-San-Francisco-CA-94108,"$3,300 /mo"," Pine St #795, San Francisco, CA 94108"
http://www.trulia.com//rental/3113824087--Saint-Francis-Pl-1M-San-Francisco-CA-94107,"$3,300 /mo"," Saint Francis Pl #1M, San Francisco, CA 94107"
http://www.trulia.com//rental/3004109636-1489-Webster-St-San-Francisco-CA-94115,"$3,300 /mo","1489 Webster St, San Francisco, CA 94115"
http://www.trulia.com//rental/3088633060-905-Ashbury-St-San-Francisco-CA-94117,"$3,300 /mo","905 Ashbury St, San Francisco, CA 94117"
http://www.trulia.com//rental/3115464420-1160-Mission-St-1012-San-Francisco-CA-94103,"$3,300 /mo","1160 Mission St #1012, San Francisco, CA 94103"
http://www.trulia.com//rental/3120142046-1790-Jackson-St-701-San-Francisco-CA-94109,"$3,300 /mo","1790 Jackson St #701, San Francisco, CA 94109"
http://www.trulia.com//rental/3039962676-775-Post-St-San-Francisco-CA-94109,"$3,300 /mo","775 Post St, San Francisco, CA 94109"
http://www.trulia.com//rental/3076085521-2410-Pacific-Ave-San-Francisco-CA-94115,"$3,315 /mo","2410 Pacific Ave, San Francisco, CA 94115"
http://www.trulia.com//rental/3085959650--Pacific-Ave-2410-San-Francisco-CA-94115,"$3,350 /mo"," Pacific Ave #2410, San Francisco, CA 94115"
http://www.trulia.com//rental/3121041535-795-Pine-St-21-San-Francisco-CA-94108,"$3,400 /mo","795 Pine St #21, San Francisco, CA 94108"
http://www.trulia.com//rental/3101397637-Apartment-San-Francisco-CA-94107,"$3,400 /mo","Address Not Disclosed, San Francisco, CA 94107"
http://www.trulia.com//rental/3079390411--Pine-St-930-San-Francisco-CA-94108,"$3,400 /mo"," Pine St #930, San Francisco, CA 94108"
http://www.trulia.com//rental/3076084575--Octavia-St-2405-San-Francisco-CA-94109,"$3,475 /mo"," Octavia St #2405, San Francisco, CA 94109"
http://www.trulia.com//rental/3119364671-Apartment-San-Francisco-CA-94101,"$3,500 /mo","Address Not Disclosed, San Francisco, CA 94101"
http://www.trulia.com//rental/3092859184-Condo-San-Francisco-CA-94108,"$3,500 /mo","Pine Street and Vine Terrace, San Francisco, CA 94108"
http://www.trulia.com//rental/3118290461-Apartment-San-Francisco-CA-94123,"$3,500 /mo","Address Not Disclosed, San Francisco, CA 94123"
http://www.trulia.com//rental/3076084638-930-Pine-St-San-Francisco-CA-94108,"$3,500 /mo","930 Pine St, San Francisco, CA 94108"
http://www.trulia.com//rental/3076086505-16-Jessie-St-San-Francisco-CA-94105,"$3,500 /mo","16 Jessie St, San Francisco, CA 94105"
http://www.trulia.com//rental/3084935826--Turk-St-San-Francisco-CA-94102,"$3,500 /mo"," Turk St, San Francisco, CA 94102"
http://www.trulia.com//rental/3118310624--Van-Ness-Ave-San-Francisco-CA-94109,"$3,500 /mo"," Van Ness Ave, San Francisco, CA 94109"
http://www.trulia.com//rental/3118310548--Van-Ness-Ave-San-Francisco-CA-94109,"$3,500 /mo"," Van Ness Ave, San Francisco, CA 94109"
http://www.trulia.com//rental/3116532594-680-Mission-St-San-Francisco-CA-94105,"$3,500 /mo","680 Mission St, San Francisco, CA 94105"
http://www.trulia.com//rental/3062525030--Ashbury-St-San-Francisco-CA-94117,"$3,500 /mo"," Ashbury St, San Francisco, CA 94117"
http://www.trulia.com//rental/3113982928-766-Harrison-St-705-San-Francisco-CA-94107,"$3,500 /mo","766 Harrison St #705, San Francisco, CA 94107"
http://www.trulia.com//rental/3110239066--De-Haro-St-San-Francisco-CA-94107,"$3,560 /mo"," De Haro St, San Francisco, CA 94107"
http://www.trulia.com//rental/3107184722-3064-Sacramento-St-6-San-Francisco-CA-94115,"$3,560 /mo","3064 Sacramento St #6, San Francisco, CA 94115"
http://www.trulia.com//rental/3119834157-Condo-San-Francisco-CA-94105,"$3,560 /mo","Address Not Disclosed, San Francisco, CA 94105"
http://www.trulia.com//rental/3119831984-2125-18th-St-San-Francisco-CA-94107,"$3,575 /mo","2125 18th St, San Francisco, CA 94107"
http://www.trulia.com//rental/3093075260--Vermont-St-773-San-Francisco-CA-94107,"$3,575 /mo"," Vermont St #773, San Francisco, CA 94107"
http://www.trulia.com//rental/3106756409-1489-Webster-St-San-Francisco-CA-94115,"$3,575 /mo","1489 Webster St, San Francisco, CA 94115"
http://www.trulia.com//rental/3065144113--Ashbury-St-San-Francisco-CA-94117,"$3,590 /mo"," Ashbury St, San Francisco, CA 94117"
http://www.trulia.com//rental/3085959944--Turk-Blvd-San-Francisco-CA-94115,"$3,600 /mo"," Turk Blvd, San Francisco, CA 94115"
http://www.trulia.com//rental/3089247628-680-Mission-St-San-Francisco-CA-94105,"$3,650 /mo","680 Mission St, San Francisco, CA 94105"
http://www.trulia.com//rental/3001886886-1915A-Divisadero-St-San-Francisco-CA-94115,"$3,650 /mo","1915A Divisadero St, San Francisco, CA 94115"
http://www.trulia.com//rental/3059973689--Pine-St-930-San-Francisco-CA-94108,"$3,650 /mo"," Pine St #930, San Francisco, CA 94108"
http://www.trulia.com//rental/3119194388-2070-Pacific-Ave-204-San-Francisco-CA-94109,"$3,650 /mo","2070 Pacific Ave #204, San Francisco, CA 94109"
http://www.trulia.com//rental/3113982072-930-Pine-St-101-San-Francisco-CA-94108,"$3,685 /mo","930 Pine St #101, San Francisco, CA 94108"
http://www.trulia.com//rental/3059960881--Indiana-St-1568-San-Francisco-CA-94107,"$3,688 /mo"," Indiana St #1568, San Francisco, CA 94107"
http://www.trulia.com//rental/3118641297-455-Upper-Ter-4-San-Francisco-CA-94117,"$3,695 /mo","455 Upper Ter #4, San Francisco, CA 94117"
http://www.trulia.com//rental/3068826116-855-Folsom-St-108-San-Francisco-CA-94107,"$3,700 /mo","855 Folsom St #108, San Francisco, CA 94107"
http://www.trulia.com//rental/3119109954-2130-Post-St-102-San-Francisco-CA-94115,"$3,700 /mo","2130 Post St #102, San Francisco, CA 94115"
http://www.trulia.com//rental/3061554600--Fillmore-St-San-Francisco-CA-94115,"$3,700 /mo"," Fillmore St, San Francisco, CA 94115"
http://www.trulia.com//rental/3118310378--Van-Ness-Ave-San-Francisco-CA-94109,"$3,700 /mo"," Van Ness Ave, San Francisco, CA 94109"
http://www.trulia.com//rental/3082966370--Davis-Ct-440-San-Francisco-CA-94111,"$3,700 /mo"," Davis Ct #440, San Francisco, CA 94111"
http://www.trulia.com//rental/3097274240-66-Encanto-Ave-San-Francisco-CA-94115,"$3,750 /mo","66 Encanto Ave, San Francisco, CA 94115"
http://www.trulia.com//rental/3119736360-38-Miller-Pl-San-Francisco-CA-94108,"$3,750 /mo","38 Miller Pl, San Francisco, CA 94108"
http://www.trulia.com//rental/3119136714-2130-Post-St-709-San-Francisco-CA-94115,"$3,750 /mo","2130 Post St #709, San Francisco, CA 94115"
http://www.trulia.com//rental/3102689631--Lombard-240-San-Francisco-CA-94111,"$3,780 /mo"," Lombard #240, San Francisco, CA 94111"
http://www.trulia.com//rental/3117266836--Hyde-St-San-Francisco-CA-94109,"$3,780 /mo"," Hyde St, San Francisco, CA 94109"
http://www.trulia.com//rental/3113982221-1-Daniel-Burnham-Ct-505-San-Francisco-CA-94109,"$3,800 /mo","1 Daniel Burnham Ct #505, San Francisco, CA 94109"
http://www.trulia.com//rental/3080349719--Harrison-San-Francisco-CA-94107,"$3,800 /mo"," Harrison, San Francisco, CA 94107"
http://www.trulia.com//rental/3118765814-2847-Fillmore-St-3-San-Francisco-CA-94123,"$3,800 /mo","2847 Fillmore St #3, San Francisco, CA 94123"
http://www.trulia.com//rental/3118733092-2130-Post-St-211-San-Francisco-CA-94115,"$3,800 /mo","2130 Post St #211, San Francisco, CA 94115"
http://www.trulia.com//rental/3062525038--Ashbury-St-San-Francisco-CA-94117,"$3,800 /mo"," Ashbury St, San Francisco, CA 94117"
http://www.trulia.com//rental/3114707834-1-Hawthorne-St-8G-San-Francisco-CA-94105,"$3,800 /mo","1 Hawthorne St #8G, San Francisco, CA 94105"
http://www.trulia.com//rental/3119137049-2130-Post-St-201-San-Francisco-CA-94115,"$3,800 /mo","2130 Post St #201, San Francisco, CA 94115"
http://www.trulia.com//rental/3081363770--Alpine-Ter-San-Francisco-CA-94117,"$3,820 /mo"," Alpine Ter, San Francisco, CA 94117"
http://www.trulia.com//rental/3113831874-1489-Webster-St-San-Francisco-CA-94115,"$3,850 /mo","1489 Webster St, San Francisco, CA 94115"
http://www.trulia.com//rental/3100332810-1-Daniel-Burnham-Ct-San-Francisco-CA-94109,"$3,850 /mo","1 Daniel Burnham Ct, San Francisco, CA 94109"
http://www.trulia.com//rental/3055983093-Apartment-San-Francisco-CA-94109,"$3,850 /mo","Address Not Disclosed, San Francisco, CA 94109"
http://www.trulia.com//rental/3112825328--Larkin-Pacific-San-Francisco-CA-94109,"$3,850 /mo"," Larkin Pacific, San Francisco, CA 94109"
http://www.trulia.com//rental/3061554765--Lombard-St-240-San-Francisco-CA-94111,"$3,850 /mo"," Lombard St #240, San Francisco, CA 94111"
http://www.trulia.com//rental/3120119344-355-Fulton-St-San-Francisco-CA-94102,"$3,850 /mo","355 Fulton St, San Francisco, CA 94102"
http://www.trulia.com//rental/3063584054--Post-San-Francisco-CA-94115,"$3,850 /mo"," Post, San Francisco, CA 94115"
http://www.trulia.com//rental/3099243141-2418-Washington-St-5-San-Francisco-CA-94115,"$3,900 /mo","2418 Washington St #5, San Francisco, CA 94115"
http://www.trulia.com//rental/3076085513-1155-Jones-St-San-Francisco-CA-94109,"$3,900 /mo","1155 Jones St, San Francisco, CA 94109"
http://www.trulia.com//rental/3085103979-1384-Mcallister-St-3-San-Francisco-CA-94115,"$3,900 /mo","1384 Mcallister St #3, San Francisco, CA 94115"
http://www.trulia.com//rental/3092859280-Apartment-San-Francisco-CA-94109,"$3,900 /mo","Jones Street and Pleasant Street, San Francisco, CA 94109"
http://www.trulia.com//rental/3118311922--Pine-San-Francisco-CA-94108,"$3,900 /mo"," Pine, San Francisco, CA 94108"
http://www.trulia.com//rental/3096427688-1655-Mission-St-529-San-Francisco-CA-94103,"$3,900 /mo","1655 Mission St #529, San Francisco, CA 94103"
http://www.trulia.com//rental/3115907644-1521-Sutter-St-507-San-Francisco-CA-94109,"$3,950 /mo","1521 Sutter St #507, San Francisco, CA 94109"
http://www.trulia.com//rental/3117542540--Sutter-St-San-Francisco-CA-94115,"$3,950 /mo"," Sutter St, San Francisco, CA 94115"
http://www.trulia.com//rental/3115731046-128-Morris-St-San-Francisco-CA-94107,"$3,950 /mo","128 Morris St, San Francisco, CA 94107"
http://www.trulia.com//rental/3120431176-28-Jennifer-Pl-35-San-Francisco-CA-94107,"$3,950 /mo","28 Jennifer Pl #35, San Francisco, CA 94107"
http://www.trulia.com//rental/3104259833-50-Joice-St-San-Francisco-CA-94108,"$3,955 /mo","50 Joice St, San Francisco, CA 94108"
http://www.trulia.com//rental/3120418748--Chestnut-St-111-San-Francisco-CA-94111,"$3,995 /mo"," Chestnut St #111, San Francisco, CA 94111"
http://www.trulia.com//rental/3059973710--Waller-246-San-Francisco-CA-94102,"$3,995 /mo"," Waller #246, San Francisco, CA 94102"
http://www.trulia.com//rental/3100430290--1st-St-San-Francisco-CA-94105,"$3,995 /mo"," 1st St, San Francisco, CA 94105"
http://www.trulia.com//rental/3119787399--Davis-Ct-316-San-Francisco-CA-94111,"$3,995 /mo"," Davis Ct #316, San Francisco, CA 94111"
http://www.trulia.com//rental/3076084950-246-Waller-St-San-Francisco-CA-94102,"$3,995 /mo","246 Waller St, San Francisco, CA 94102"
http://www.trulia.com//rental/3104093105-Apartment-San-Francisco-CA-94108,"$4,000 /mo","California Street and Pratt Place, San Francisco, CA 94108"
http://www.trulia.com//rental/3120952446-1310-Fillmore-St-1005-San-Francisco-CA-94115,"$4,000 /mo","1310 Fillmore St #1005, San Francisco, CA 94115"
http://www.trulia.com//rental/3076084533-1221-Jones-St-San-Francisco-CA-94109,"$4,000 /mo","1221 Jones St, San Francisco, CA 94109"
http://www.trulia.com//rental/3119786889--Battery-St-506-San-Francisco-CA-94111,"$4,000 /mo"," Battery St #506, San Francisco, CA 94111"
http://www.trulia.com//rental/3119787517--Davis-Ct-312-San-Francisco-CA-94111,"$4,000 /mo"," Davis Ct #312, San Francisco, CA 94111"
http://www.trulia.com//rental/3099821586-456-Montgomery-St-1148-San-Francisco-CA-94104,"$4,000 /mo","456 Montgomery St #1148, San Francisco, CA 94104"
http://www.trulia.com//rental/3092859037-Apartment-San-Francisco-CA-94109,"$4,000 /mo","Jones Street and Pleasant Street, San Francisco, CA 94109"
http://www.trulia.com//rental/3119786700--Battery-St-505-San-Francisco-CA-94111,"$4,000 /mo"," Battery St #505, San Francisco, CA 94111"
http://www.trulia.com//rental/3119787925--Davis-Ct-815-San-Francisco-CA-94111,"$4,000 /mo"," Davis Ct #815, San Francisco, CA 94111"
http://www.trulia.com//rental/3059968767--Jones-St-1221-San-Francisco-CA-94109,"$4,000 /mo"," Jones St #1221, San Francisco, CA 94109"
http://www.trulia.com//rental/3119248625-2130-Post-St-206-San-Francisco-CA-94115,"$4,000 /mo","2130 Post St #206, San Francisco, CA 94115"
http://www.trulia.com//rental/3113982782-1-Hawthorne-St-3F-San-Francisco-CA-94105,"$4,000 /mo","1 Hawthorne St #3F, San Francisco, CA 94105"
http://www.trulia.com//rental/3084834128--Daniel-Burnham-Ct-San-Francisco-CA-94109,"$4,000 /mo"," Daniel Burnham Ct, San Francisco, CA 94109"
http://www.trulia.com//rental/3062526476--Fell-St-San-Francisco-CA-94117,"$4,000 /mo"," Fell St, San Francisco, CA 94117"
http://www.trulia.com//rental/3117899082-Condo-San-Francisco-CA-94109,"$4,000 /mo","Address Not Disclosed, San Francisco, CA 94109"
http://www.trulia.com//rental/3113982543-1275-Clay-St-5-San-Francisco-CA-94108,"$4,000 /mo","1275 Clay St #5, San Francisco, CA 94108"
http://www.trulia.com//rental/3090918624-Apartment-San-Francisco-CA-94109,"$4,050 /mo","Address Not Disclosed, San Francisco, CA 94109"
http://www.trulia.com//rental/3113040197-1-Daniel-Burnham-Ct-601-San-Francisco-CA-94109,"$4,055 /mo","1 Daniel Burnham Ct #601, San Francisco, CA 94109"
http://www.trulia.com//rental/3113982116-2020-California-St-San-Francisco-CA-94109,"$4,065 /mo","2020 California St, San Francisco, CA 94109"
http://www.trulia.com//rental/3104783259-140-S-Van-Ness-Ave-San-Francisco-CA-94103,"$4,070 /mo","140 S Van Ness Ave, San Francisco, CA 94103"
http://www.trulia.com//rental/3119194299-2130-Post-St-508-San-Francisco-CA-94115,"$4,100 /mo","2130 Post St #508, San Francisco, CA 94115"
http://www.trulia.com//rental/3043675051-181-Ofarrell-St-304-San-Francisco-CA-94102,"$4,100 /mo","181 Ofarrell St #304, San Francisco, CA 94102"
http://www.trulia.com//rental/3059968331--8th-St-San-Francisco-CA-94103,"$4,100 /mo"," 8th St, San Francisco, CA 94103"
http://www.trulia.com//rental/3115614889-Condo-San-Francisco-CA-94117,"$4,150 /mo","Address Not Disclosed, San Francisco, CA 94117"
http://www.trulia.com//rental/3103170453--Welsh-St-139-San-Francisco-CA-94107,"$4,150 /mo"," Welsh St #139, San Francisco, CA 94107"
http://www.trulia.com//rental/3102999993-139-Welsh-St-San-Francisco-CA-94107,"$4,180 /mo","139 Welsh St, San Francisco, CA 94107"
http://www.trulia.com//rental/3085959909--8th-St-San-Francisco-CA-94103,"$4,195 /mo"," 8th St, San Francisco, CA 94103"
http://www.trulia.com//rental/3093176183--Post-San-Francisco-CA-94115,"$4,200 /mo"," Post, San Francisco, CA 94115"
http://www.trulia.com//rental/3083894314--Van-Ness-Ave-San-Francisco-CA-94109,"$4,200 /mo"," Van Ness Ave, San Francisco, CA 94109"
http://www.trulia.com//rental/3112474653-1-Daniel-Burnham-Ct-San-Francisco-CA-94109,"$4,200 /mo","1 Daniel Burnham Ct, San Francisco, CA 94109"
http://www.trulia.com//rental/3094455820--Bush-St-2809-San-Francisco-CA-94115,"$4,200 /mo"," Bush St #2809, San Francisco, CA 94115"
http://www.trulia.com//rental/3120490536-1388-Gough-St-San-Francisco-CA-94109,"$4,200 /mo","1388 Gough St, San Francisco, CA 94109"
http://www.trulia.com//rental/3054759352-Condo-San-Francisco-CA-94103,"$4,200 /mo","Address Not Disclosed, San Francisco, CA 94103"
http://www.trulia.com//rental/3113982566-900-Bush-St-418-San-Francisco-CA-94109,"$4,200 /mo","900 Bush St #418, San Francisco, CA 94109"
http://www.trulia.com//rental/3106756441-1489-Webster-St-San-Francisco-CA-94115,"$4,225 /mo","1489 Webster St, San Francisco, CA 94115"
http://www.trulia.com//rental/3110229248--De-Haro-St-San-Francisco-CA-94107,"$4,250 /mo"," De Haro St, San Francisco, CA 94107"
http://www.trulia.com//rental/3092836688-1-Daniel-Burnham-Ct-San-Francisco-CA-94109,"$4,250 /mo","1 Daniel Burnham Ct, San Francisco, CA 94109"
http://www.trulia.com//rental/3088132361-Apartment-San-Francisco-CA-94109,"$4,250 /mo","Address Not Disclosed, San Francisco, CA 94109"
http://www.trulia.com//rental/3113981999-1-Daniel-Burnham-Ct-415-San-Francisco-CA-94109,"$4,250 /mo","1 Daniel Burnham Ct #415, San Francisco, CA 94109"
http://www.trulia.com//rental/3117728224-Condo-San-Francisco-CA-94109,"$4,275 /mo","Clay Street and Hyde Street, San Francisco, CA 94109"
http://www.trulia.com//rental/3113981540-246-2nd-St-601-San-Francisco-CA-94105,"$4,275 /mo","246 2nd St #601, San Francisco, CA 94105"
http://www.trulia.com//rental/3115336035-811-Page-St-2-San-Francisco-CA-94117,"$4,290 /mo","811 Page St #2, San Francisco, CA 94117"
http://www.trulia.com//rental/3114668975-Condo-San-Francisco-CA-94115,"$4,300 /mo","Divisadero Street and Pine Street, San Francisco, CA 94115"
http://www.trulia.com//rental/3118311385--Clay-San-Francisco-CA-94108,"$4,300 /mo"," Clay, San Francisco, CA 94108"
http://www.trulia.com//rental/3112778417-1443-Grove-St-2-San-Francisco-CA-94117,"$4,300 /mo","1443 Grove St #2, San Francisco, CA 94117"
http://www.trulia.com//rental/3076084786-601-Van-Ness-Ave-San-Francisco-CA-94102,"$4,300 /mo","601 Van Ness Ave, San Francisco, CA 94102"
http://www.trulia.com//rental/3116142329-Apartment-San-Francisco-CA-94109,"$4,300 /mo","Address Not Disclosed, San Francisco, CA 94109"
http://www.trulia.com//rental/3120088394-Apartment-San-Francisco-CA-94115,"$4,350 /mo","Buchanan Street and Pine Street, San Francisco, CA 94115"
http://www.trulia.com//rental/3062664883--Daniel-Burnham-Ct-San-Francisco-CA-94109,"$4,350 /mo"," Daniel Burnham Ct, San Francisco, CA 94109"
http://www.trulia.com//rental/3118311627--California-San-Francisco-CA-94109,"$4,395 /mo"," California, San Francisco, CA 94109"
http://www.trulia.com//rental/3113983237-1-Daniel-Burnham-Ct-410-San-Francisco-CA-94109,"$4,400 /mo","1 Daniel Burnham Ct #410, San Francisco, CA 94109"
http://www.trulia.com//rental/3118311439--Hawthorne-San-Francisco-CA-94105,"$4,400 /mo"," Hawthorne, San Francisco, CA 94105"
http://www.trulia.com//rental/3118764101-300-3rd-St-319-San-Francisco-CA-94107,"$4,400 /mo","300 3rd St #319, San Francisco, CA 94107"
http://www.trulia.com//rental/3105158313--Van-Ness-San-Francisco-CA-94103,"$4,450 /mo"," Van Ness, San Francisco, CA 94103"
http://www.trulia.com//rental/3119852023-2130-Post-St-405-San-Francisco-CA-94115,"$4,450 /mo","2130 Post St #405, San Francisco, CA 94115"
http://www.trulia.com//rental/3116133631--3rd-5308-San-Francisco-CA-94107,"$4,450 /mo"," 3rd #5308, San Francisco, CA 94107"
http://www.trulia.com//rental/3096516839--Bush-901-San-Francisco-CA-94109,"$4,450 /mo"," Bush #901, San Francisco, CA 94109"
http://www.trulia.com//rental/3061477212--Pine-St-737-San-Francisco-CA-94108,"$4,455 /mo"," Pine St #737, San Francisco, CA 94108"
http://www.trulia.com//rental/3096610793-901-Bush-St-San-Francisco-CA-94109,"$4,475 /mo","901 Bush St, San Francisco, CA 94109"
http://www.trulia.com//rental/3118765645-199-New-Montgomery-St-San-Francisco-CA-94105,"$4,480 /mo","199 New Montgomery St, San Francisco, CA 94105"
http://www.trulia.com//rental/3066898031--Green-St-San-Francisco-CA-94109,"$4,495 /mo"," Green St, San Francisco, CA 94109"
http://www.trulia.com//rental/3119878033-295-Dore-St-San-Francisco-CA-94103,"$4,500 /mo","295 Dore St, San Francisco, CA 94103"
http://www.trulia.com//rental/3093999798-737-Pine-St-San-Francisco-CA-94108,"$4,500 /mo","737 Pine St, San Francisco, CA 94108"
http://www.trulia.com//rental/3118311904--Bush-San-Francisco-CA-94109,"$4,500 /mo"," Bush, San Francisco, CA 94109"
http://www.trulia.com//rental/3112778340-901-Bush-St-407-San-Francisco-CA-94109,"$4,500 /mo","901 Bush St #407, San Francisco, CA 94109"
http://www.trulia.com//rental/3095131893-33-New-Montgomery-St-San-Francisco-CA-94105,"$4,500 /mo","33 New Montgomery St, San Francisco, CA 94105"
http://www.trulia.com//rental/3106378349-Apartment-San-Francisco-CA-94115,"$4,500 /mo","Address Not Disclosed, San Francisco, CA 94115"
http://www.trulia.com//rental/3114775461--Rose-St-San-Francisco-CA-94102,"$4,500 /mo"," Rose St, San Francisco, CA 94102"
http://www.trulia.com//rental/3113982173-725-Pine-St-102-San-Francisco-CA-94108,"$4,500 /mo","725 Pine St #102, San Francisco, CA 94108"
http://www.trulia.com//rental/3087582248-199-New-Montgomery-St-San-Francisco-CA-94105,"$4,590 /mo","199 New Montgomery St, San Francisco, CA 94105"
http://www.trulia.com//rental/3118312478--2nd-San-Francisco-CA-94105,"$4,600 /mo"," 2nd, San Francisco, CA 94105"
http://www.trulia.com//rental/3083887792--Daniel-Burnham-Ct-San-Francisco-CA-94109,"$4,600 /mo"," Daniel Burnham Ct, San Francisco, CA 94109"
http://www.trulia.com//rental/3068282364--Saint-Francis-Pl-2K-San-Francisco-CA-94107,"$4,600 /mo"," Saint Francis Pl #2K, San Francisco, CA 94107"
http://www.trulia.com//rental/3092859040-Apartment-San-Francisco-CA-94109,"$4,600 /mo","Jones Street and Pleasant Street, San Francisco, CA 94109"
http://www.trulia.com//rental/3104258597-Apartment-San-Francisco-CA-94115,"$4,600 /mo","Address Not Disclosed, San Francisco, CA 94115"
http://www.trulia.com//rental/3101854280-850-Steiner-St-San-Francisco-CA-94117,"$4,600 /mo","850 Steiner St, San Francisco, CA 94117"
http://www.trulia.com//rental/3076084527-1221-Jones-St-San-Francisco-CA-94109,"$4,615 /mo","1221 Jones St, San Francisco, CA 94109"
http://www.trulia.com//rental/3113637170-130-Frederick-St-206-San-Francisco-CA-94117,"$4,615 /mo","130 Frederick St #206, San Francisco, CA 94117"
http://www.trulia.com//rental/3102026603--Steiner-St-850-San-Francisco-CA-94117,"$4,629 /mo"," Steiner St #850, San Francisco, CA 94117"
http://www.trulia.com//rental/3118311637--Fillmore-St-San-Francisco-CA-94115,"$4,700 /mo"," Fillmore St, San Francisco, CA 94115"
http://www.trulia.com//rental/3120263874--Polk-St-2727-San-Francisco-CA-94109,"$4,700 /mo"," Polk St #2727, San Francisco, CA 94109"
http://www.trulia.com//rental/3118311703-650-Turk-St-505-San-Francisco-CA-94102,"$4,700 /mo","650 Turk St #505, San Francisco, CA 94102"
http://www.trulia.com//rental/3117532002--Van-Ness-San-Francisco-CA-94109,"$4,700 /mo"," Van Ness, San Francisco, CA 94109"
http://www.trulia.com//rental/3070116240--Lombard-St-1355-San-Francisco-CA-94109,"$4,700 /mo"," Lombard St #1355, San Francisco, CA 94109"
http://www.trulia.com//rental/3120064350-Apartment-San-Francisco-CA-94109,"$4,700 /mo","California Street and Van Ness Avenue, San Francisco, CA 94109"
http://www.trulia.com//rental/3099774194--Lombard-St-1340-San-Francisco-CA-94109,"$4,735 /mo"," Lombard St #1340, San Francisco, CA 94109"
http://www.trulia.com//rental/3093668017-737-Pine-St-41-San-Francisco-CA-94108,"$4,750 /mo","737 Pine St #41, San Francisco, CA 94108"
http://www.trulia.com//rental/3112778508-176-Haight-St-San-Francisco-CA-94102,"$4,750 /mo","176 Haight St, San Francisco, CA 94102"
http://www.trulia.com//rental/3119736459-920-Harrison-St-San-Francisco-CA-94107,"$4,750 /mo","920 Harrison St, San Francisco, CA 94107"
http://www.trulia.com//rental/3118311991--Bush-San-Francisco-CA-94109,"$4,800 /mo"," Bush, San Francisco, CA 94109"
http://www.trulia.com//rental/3118311841--Pine-San-Francisco-CA-94108,"$4,800 /mo"," Pine, San Francisco, CA 94108"
http://www.trulia.com//rental/3113982297-2900-Pierce-St-San-Francisco-CA-94123,"$4,800 /mo","2900 Pierce St, San Francisco, CA 94123"
http://www.trulia.com//rental/3110229315-1340-Taylor-St-11-San-Francisco-CA-94108,"$4,800 /mo","1340 Taylor St #11, San Francisco, CA 94108"
http://www.trulia.com//rental/3118206374-Condo-San-Francisco-CA-94115,"$4,845 /mo","Clay Street and Presidio Avenue, San Francisco, CA 94115"
http://www.trulia.com//rental/3087125651--Linden-Gough-San-Francisco-CA-94102,"$4,900 /mo"," Linden Gough, San Francisco, CA 94102"
http://www.trulia.com//rental/3087666795-Multi-Family-Home-San-Francisco-CA-94109,"$4,945 /mo","Address Not Disclosed, San Francisco, CA 94109"
http://www.trulia.com//rental/3107753786-Condo-San-Francisco-CA-94102,"$4,945 /mo","Laguna Street and Rose Street, San Francisco, CA 94102"
http://www.trulia.com//rental/3120843875-Apartment-San-Francisco-CA-94117,"$5,000 /mo","Address Not Disclosed, San Francisco, CA 94117"
http://www.trulia.com//rental/3118311853--Haight-San-Francisco-CA-94102,"$5,000 /mo"," Haight, San Francisco, CA 94102"
http://www.trulia.com//rental/3113982910-181-Ofarrell-St-306-San-Francisco-CA-94102,"$5,000 /mo","181 Ofarrell St #306, San Francisco, CA 94102"
http://www.trulia.com//rental/3113983258-1747-Sutter-St-San-Francisco-CA-94115,"$5,000 /mo","1747 Sutter St, San Francisco, CA 94115"
http://www.trulia.com//rental/3118372267-2040-Franklin-St-1103-San-Francisco-CA-94109,"$5,000 /mo","2040 Franklin St #1103, San Francisco, CA 94109"
http://www.trulia.com//rental/3117206273-Condo-San-Francisco-CA-94107,"$5,100 /mo","Address Not Disclosed, San Francisco, CA 94107"
http://www.trulia.com//rental/3104075719-2001-Union-St-San-Francisco-CA-94123,"$5,200 /mo","2001 Union St, San Francisco, CA 94123"
http://www.trulia.com//rental/3068374155--Jones-St-1155-San-Francisco-CA-94109,"$5,215 /mo"," Jones St #1155, San Francisco, CA 94109"
http://www.trulia.com//rental/3076085506-1155-Jones-St-San-Francisco-CA-94109,"$5,300 /mo","1155 Jones St, San Francisco, CA 94109"
http://www.trulia.com//rental/3092859279-Apartment-San-Francisco-CA-94109,"$5,345 /mo","Jones Street and Pleasant Street, San Francisco, CA 94109"
http://www.trulia.com//rental/3118311323--Vallejo-San-Francisco-CA-94109,"$5,350 /mo"," Vallejo, San Francisco, CA 94109"
http://www.trulia.com//rental/3119877521--Turk-St-San-Francisco-CA-94109,"$5,395 /mo"," Turk St, San Francisco, CA 94109"
http://www.trulia.com//rental/3087061999--Berry-St-San-Francisco-CA-94158,"$5,400 /mo"," Berry St, San Francisco, CA 94158"
http://www.trulia.com//rental/3109203295-1855-California-St-4-San-Francisco-CA-94109,"$5,400 /mo","1855 California St #4, San Francisco, CA 94109"
http://www.trulia.com//rental/3062525321--Buena-Vista-Ave-W-San-Francisco-CA-94117,"$5,400 /mo"," Buena Vista Ave W, San Francisco, CA 94117"
http://www.trulia.com//rental/3119684509-1895-Pacific-Ave-403-San-Francisco-CA-94109,"$5,400 /mo","1895 Pacific Ave #403, San Francisco, CA 94109"
http://www.trulia.com//rental/3120955014-530-Ashbury-St-San-Francisco-CA-94117,"$5,440 /mo","530 Ashbury St, San Francisco, CA 94117"
http://www.trulia.com//rental/3076084531-1221-Jones-St-San-Francisco-CA-94109,"$5,440 /mo","1221 Jones St, San Francisco, CA 94109"
http://www.trulia.com//rental/3107629089-Apartment-San-Francisco-CA-94109,"$5,490 /mo","Address Not Disclosed, San Francisco, CA 94109"
http://www.trulia.com//rental/3118151162-Condo-San-Francisco-CA-94109,"$5,495 /mo","California Street and Helen Place, San Francisco, CA 94109"
http://www.trulia.com//rental/3118311587--Divisadero-St-San-Francisco-CA-94117,"$5,500 /mo"," Divisadero St, San Francisco, CA 94117"
http://www.trulia.com//rental/3022976908--Haight-St-610-San-Francisco-CA-94117,"$5,500 /mo"," Haight St #610, San Francisco, CA 94117"
http://www.trulia.com//rental/3092859041-Apartment-San-Francisco-CA-94109,"$5,500 /mo","Jones Street and Pleasant Street, San Francisco, CA 94109"
http://www.trulia.com//rental/3068291925-Apartment-San-Francisco-CA-94109,"$5,500 /mo","Address Not Disclosed, San Francisco, CA 94109"
http://www.trulia.com//rental/3062496549-Apartment-San-Francisco-CA-94109,"$5,500 /mo","Address Not Disclosed, San Francisco, CA 94109"
http://www.trulia.com//rental/3120321498-1644-Fulton-St-San-Francisco-CA-94117,"$5,500 /mo","1644 Fulton St, San Francisco, CA 94117"
http://www.trulia.com//rental/3120257905-551A-Page-St-San-Francisco-CA-94117,"$5,500 /mo","551A Page St, San Francisco, CA 94117"
http://www.trulia.com//rental/3120526839-Apartment-San-Francisco-CA-94117,"$5,500 /mo","Address Not Disclosed, San Francisco, CA 94117"
http://www.trulia.com//rental/3118312858--Ofarrell-San-Francisco-CA-94102,"$5,500 /mo"," Ofarrell, San Francisco, CA 94102"
http://www.trulia.com//rental/3113981954-3193-Washington-St-4-San-Francisco-CA-94115,"$5,500 /mo","3193 Washington St #4, San Francisco, CA 94115"
http://www.trulia.com//rental/3113983138-551-A-Page-St-San-Francisco-CA-94117,"$5,500 /mo","551 A Page St, San Francisco, CA 94117"
http://www.trulia.com//rental/3118311718--Sutter-San-Francisco-CA-94115,"$5,500 /mo"," Sutter, San Francisco, CA 94115"
http://www.trulia.com//rental/3113982714-10-Cyril-Magnin-St-403-San-Francisco-CA-94102,"$5,550 /mo","10 Cyril Magnin St #403, San Francisco, CA 94102"
http://www.trulia.com//rental/3113983514-74-New-Montgomery-St-512-San-Francisco-CA-94105,"$5,595 /mo","74 New Montgomery St #512, San Francisco, CA 94105"
http://www.trulia.com//rental/3112778430-1740-Franklin-St-3-San-Francisco-CA-94109,"$5,605 /mo","1740 Franklin St #3, San Francisco, CA 94109"
http://www.trulia.com//rental/3095838502-Apartment-San-Francisco-CA-94111,"$5,650 /mo","Front Street and Pine Street, San Francisco, CA 94111"
http://www.trulia.com//rental/3095838531-Apartment-San-Francisco-CA-94111,"$5,650 /mo","Front Street and Pine Street, San Francisco, CA 94111"
http://www.trulia.com//rental/3095838582-Apartment-San-Francisco-CA-94111,"$5,655 /mo","Front Street and Pine Street, San Francisco, CA 94111"
http://www.trulia.com//rental/3089414234--Clarence-Pl-21-San-Francisco-CA-94107,"$5,750 /mo"," Clarence Pl #21, San Francisco, CA 94107"
http://www.trulia.com//rental/3091226704-1245-Washington-St-5-San-Francisco-CA-94108,"$5,750 /mo","1245 Washington St #5, San Francisco, CA 94108"
http://www.trulia.com//rental/3074471687-3009-Sacramento-St-2-San-Francisco-CA-94115,"$5,776 /mo","3009 Sacramento St #2, San Francisco, CA 94115"
http://www.trulia.com//rental/3014624051-246-2nd-St-1604-San-Francisco-CA-94105,"$5,800 /mo","246 2nd St #1604, San Francisco, CA 94105"
http://www.trulia.com//rental/3118312134--Washington-San-Francisco-CA-94115,"$5,800 /mo"," Washington, San Francisco, CA 94115"
http://www.trulia.com//rental/3120794792--Broderick-Sutter-San-Francisco-CA-94115,"$5,833 /mo"," Broderick Sutter, San Francisco, CA 94115"
http://www.trulia.com//rental/3106918049-1438-Page-St-San-Francisco-CA-94117,"$5,890 /mo","1438 Page St, San Francisco, CA 94117"
http://www.trulia.com//rental/3076084529-1221-Jones-St-San-Francisco-CA-94109,"$5,900 /mo","1221 Jones St, San Francisco, CA 94109"
http://www.trulia.com//rental/3062990483--Jones-St-1221-San-Francisco-CA-94109,"$5,900 /mo"," Jones St #1221, San Francisco, CA 94109"
http://www.trulia.com//rental/3103533080--Page-St-San-Francisco-CA-94117,"$5,950 /mo"," Page St, San Francisco, CA 94117"
http://www.trulia.com//rental/3062526870--Clayton-St-San-Francisco-CA-94117,"$5,990 /mo"," Clayton St, San Francisco, CA 94117"
http://www.trulia.com//rental/3062526042--Waller-St-San-Francisco-CA-94117,"$6,000 /mo"," Waller St, San Francisco, CA 94117"
http://www.trulia.com//rental/3084835517--Cyril-Magnin-San-Francisco-CA-94102,"$6,000 /mo"," Cyril Magnin, San Francisco, CA 94102"
http://www.trulia.com//rental/3118313927-33-New-Montgomery-St-San-Francisco-CA-94105,"$6,000 /mo","33 New Montgomery St, San Francisco, CA 94105"
http://www.trulia.com//rental/3118311950-1537-Franklin-St-San-Francisco-CA-94109,"$6,000 /mo","1537 Franklin St, San Francisco, CA 94109"
http://www.trulia.com//rental/3068388973-Apartment-San-Francisco-CA-94109,"$6,000 /mo","Address Not Disclosed, San Francisco, CA 94109"
http://www.trulia.com//rental/3057454416-2-Guerrero-St-San-Francisco-CA-94103,"$6,050 /mo","2 Guerrero St, San Francisco, CA 94103"
http://www.trulia.com//rental/3110504457--De-Haro-St-1051-San-Francisco-CA-94107,"$6,050 /mo"," De Haro St #1051, San Francisco, CA 94107"
http://www.trulia.com//rental/3110229254--De-Haro-St-San-Francisco-CA-94107,"$6,100 /mo"," De Haro St, San Francisco, CA 94107"
http://www.trulia.com//rental/3111889847--Lombard-Street-Leavenworth-San-Francisco-CA-94109,"$6,100 /mo"," Lombard Street Leavenworth, San Francisco, CA 94109"
http://www.trulia.com//rental/3117900597-66-Cleary-Ct-1001-San-Francisco-CA-94109,"$6,130 /mo","66 Cleary Ct #1001, San Francisco, CA 94109"
http://www.trulia.com//rental/3118311232--Pierce-San-Francisco-CA-94123,"$6,200 /mo"," Pierce, San Francisco, CA 94123"
http://www.trulia.com//rental/3117235462-300-3rd-St-702-San-Francisco-CA-94107,"$6,200 /mo","300 3rd St #702, San Francisco, CA 94107"
http://www.trulia.com//rental/3095838733-Apartment-San-Francisco-CA-94111,"$6,200 /mo","Front Street and Pine Street, San Francisco, CA 94111"
http://www.trulia.com//rental/3115525971-620-Haight-St-San-Francisco-CA-94117,"$6,290 /mo","620 Haight St, San Francisco, CA 94117"
http://www.trulia.com//rental/3115756968-Condo-San-Francisco-CA-94105,"$6,300 /mo","Address Not Disclosed, San Francisco, CA 94105"
http://www.trulia.com//rental/3080332068--Waller-St-82-San-Francisco-CA-94102,"$6,350 /mo"," Waller St #82, San Francisco, CA 94102"
http://www.trulia.com//rental/3119048798-Multi-Family-Home-San-Francisco-CA-94115,"$6,375 /mo","Address Not Disclosed, San Francisco, CA 94115"
http://www.trulia.com//rental/3118750273-1370-Taylor-St-7-San-Francisco-CA-94108,"$6,400 /mo","1370 Taylor St #7, San Francisco, CA 94108"
http://www.trulia.com//rental/3062525333--Buena-Vista-Ave-W-San-Francisco-CA-94117,"$6,450 /mo"," Buena Vista Ave W, San Francisco, CA 94117"
http://www.trulia.com//rental/3112778442-111-Buena-Vista-Ave-E-5-San-Francisco-CA-94117,"$6,450 /mo","111 Buena Vista Ave E #5, San Francisco, CA 94117"
http://www.trulia.com//rental/3119793966-Condo-San-Francisco-CA-94105,"$6,500 /mo","Address Not Disclosed, San Francisco, CA 94105"
http://www.trulia.com//rental/3113982098-1430-Jackson-St-San-Francisco-CA-94109,"$6,500 /mo","1430 Jackson St, San Francisco, CA 94109"
http://www.trulia.com//rental/3096104057-74-New-Montgomery-St-802-San-Francisco-CA-94105,"$6,500 /mo","74 New Montgomery St #802, San Francisco, CA 94105"
http://www.trulia.com//rental/3116472612-Multi-Family-Home-San-Francisco-CA-94117,"$6,500 /mo","Haight Street and Steiner Street, San Francisco, CA 94117"
http://www.trulia.com//rental/3119877113--Cleary-San-Francisco-CA-94117,"$6,600 /mo"," Cleary, San Francisco, CA 94117"
http://www.trulia.com//rental/3120519192-2112-Divisadero-St-San-Francisco-CA-94115,"$6,745 /mo","2112 Divisadero St, San Francisco, CA 94115"
http://www.trulia.com//rental/3113185239-2040-Franklin-St-San-Francisco-CA-94109,"$6,750 /mo","2040 Franklin St, San Francisco, CA 94109"
http://www.trulia.com//rental/3113174791-1537-Franklin-St-2040-San-Francisco-CA-94109,"$6,750 /mo","1537 Franklin St #2040, San Francisco, CA 94109"
http://www.trulia.com//rental/3076084685-1027-Jones-St-San-Francisco-CA-94109,"$6,800 /mo","1027 Jones St, San Francisco, CA 94109"
http://www.trulia.com//rental/3059968746--Jones-St-1027-San-Francisco-CA-94109,"$6,850 /mo"," Jones St #1027, San Francisco, CA 94109"
http://www.trulia.com//rental/3092859132-Apartment-San-Francisco-CA-94109,"$6,870 /mo","Jones Street and Pine Street, San Francisco, CA 94109"
http://www.trulia.com//rental/3119793745-Condo-San-Francisco-CA-94108,"$6,900 /mo","Address Not Disclosed, San Francisco, CA 94108"
http://www.trulia.com//rental/3092859021-Apartment-San-Francisco-CA-94109,"$6,950 /mo","Address Not Disclosed, San Francisco, CA 94109"
http://www.trulia.com//rental/3119238672-Apartment-San-Francisco-CA-94109,"$6,950 /mo","Franklin Street and Jackson Street, San Francisco, CA 94109"
http://www.trulia.com//rental/3118311392--Jackson-San-Francisco-CA-94109,"$6,995 /mo"," Jackson, San Francisco, CA 94109"
http://www.trulia.com//rental/3081365381--Waller-St-San-Francisco-CA-94117,"$6,995 /mo"," Waller St, San Francisco, CA 94117"
http://www.trulia.com//rental/3014258188-Apartment-San-Francisco-CA-94109,"$6,995 /mo","Jones Street and Pleasant Street, San Francisco, CA 94109"
http://www.trulia.com//rental/3076084523-1221-Jones-St-San-Francisco-CA-94109,"$7,000 /mo","1221 Jones St, San Francisco, CA 94109"
http://www.trulia.com//rental/3060405065--Jones-St-1221-San-Francisco-CA-94109,"$7,000 /mo"," Jones St #1221, San Francisco, CA 94109"
http://www.trulia.com//rental/3061554778--Fell-St-San-Francisco-CA-94117,"$7,000 /mo"," Fell St, San Francisco, CA 94117"
http://www.trulia.com//rental/3119136857-Multi-Family-Home-San-Francisco-CA-94117,"$7,145 /mo","Haight Street and Steiner Street, San Francisco, CA 94117"
http://www.trulia.com//rental/3119494324-645-Howard-St-17F-San-Francisco-CA-94105,"$7,150 /mo","645 Howard St #17F, San Francisco, CA 94105"
http://www.trulia.com//rental/3051415085-Apartment-San-Francisco-CA-94123,"$7,200 /mo","Address Not Disclosed, San Francisco, CA 94123"
http://www.trulia.com//rental/3095839214-Apartment-San-Francisco-CA-94111,"$7,200 /mo","Front Street and Pine Street, San Francisco, CA 94111"
http://www.trulia.com//rental/3106501943-Condo-San-Francisco-CA-94115,"$7,200 /mo","Address Not Disclosed, San Francisco, CA 94115"
http://www.trulia.com//rental/3109878453-Condo-San-Francisco-CA-94105,"$7,400 /mo","Address Not Disclosed, San Francisco, CA 94105"
http://www.trulia.com//rental/3119482876-145-Hampshire-St-A-San-Francisco-CA-94103,"$7,500 /mo","145 Hampshire St #A, San Francisco, CA 94103"
http://www.trulia.com//rental/3115482594-Apartment-San-Francisco-CA-94105,"$7,500 /mo","Minna Street and New Montgomery Street, San Francisco, CA 94105"
http://www.trulia.com//rental/3093893132--Lombard-St-220-San-Francisco-CA-94111,"$7,700 /mo"," Lombard St #220, San Francisco, CA 94111"
http://www.trulia.com//rental/3105484784-905-Ashbury-St-San-Francisco-CA-94117,"$7,800 /mo","905 Ashbury St, San Francisco, CA 94117"
